rank;feature_name;importance
1;markov_tri_perplexity;0.20453497767448425
2;len_full;0.16009318828582764
3;has_digit;0.15609344840049744
4;dot_count;0.07335978746414185
5;special_ratio;0.05419671908020973
6;markov_bi_perplexity;0.05309615656733513
7;digit_ratio;0.04883822053670883
8;tld_len;0.03848087042570114
9;len_main;0.03516491875052452
10;longest_digit_run;0.03377441689372063
11;tld_common;0.03242306783795357
12;meaning_ratio;0.02904599718749523
13;n_repeats;0.023106588050723076
14;longest_vowel_run;0.011918718926608562
15;vowel_ratio;0.010475516319274902
16;hex_ratio;0.008688347414135933
17;entropy;0.007093364372849464
18;longest_consonant_run;0.006907074246555567
19;consonant_ratio;0.006688190158456564
20;unique_ratio;0.006020357832312584
